shot_id,shot_made_flag
1,0.328423
8,0.254288
17,0.699151
20,0.696449
33,0.463405
34,0.387639
35,0.38544
36,0.49813
37,0.670045
38,0.310983
45,0.46448
50,0.298173
55,0.401697
60,0.291473
66,0.260408
67,0.280125
71,0.378288
80,0.250412
85,0.332162
86,0.537712
95,0.531817
104,0.298622
113,0.339238
123,0.262659
126,0.890142
133,0.614139
141,0.255379
144,0.492007
150,0.753199
152,0.463177
153,0.699772
156,0.390596
159,0.899208
165,0.640936
172,0.390823
182,0.89159
192,0.285138
193,0.732071
196,0.308066
202,0.360842
210,0.286601
211,0.3859
228,0.921332
257,0.43983
260,0.40924
264,0.475679
267,0.614908
279,0.915448
282,0.297255
293,0.346857
299,0.904958
300,0.579452
301,0.808489
317,0.324246
327,0.415142
328,0.330296
335,0.342198
346,0.831393
348,0.278116
365,0.343943
390,0.699095
391,0.77906
392,0.846719
397,0.274187
418,0.322077
428,0.174104
434,0.586316
439,0.433812
440,0.421604
456,0.373635
459,0.264042
472,0.371482
480,0.264302
491,0.29856
497,0.391808
509,0.315434
511,0.300214
523,0.100755
533,0.398086
544,0.389568
546,0.398269
555,0.724429
558,0.365358
560,0.29647
573,0.242209
591,0.353827
596,0.274615
597,0.367943
601,0.613716
605,0.440057
617,0.363465
628,0.252932
634,0.499185
646,0.430715
649,0.523497
651,0.793021
654,0.915939
656,0.342509
657,0.573096
669,0.539536
670,0.923437
693,0.696376
694,0.344236
699,0.447258
711,0.467095
718,0.338113
722,0.347253
723,0.275191
725,0.600859
734,0.336829
735,0.358044
737,0.853614
746,0.305383
747,0.698633
766,0.338967
767,0.299335
771,0.248251
773,0.211309
774,0.307613
783,0.272472
784,0.414089
789,0.285401
792,0.357917
804,0.301973
809,0.286482
812,0.335149
813,0.301478
817,0.273739
820,0.319362
825,0.296671
826,0.287503
829,0.408346
855,0.405694
859,0.709522
862,0.368327
870,0.382804
876,0.323185
880,0.355052
886,0.966142
889,0.91804
891,0.348892
897,0.973348
902,0.365019
903,0.268315
908,0.41501
909,0.298024
920,0.406516
922,0.42648
924,0.67551
932,0.364043
934,0.346393
937,0.282741
941,0.39053
943,0.365701
950,0.411588
952,0.560197
954,0.918977
963,0.347451
975,0.388948
979,0.401177
981,0.39331
983,0.145237
985,0.629384
989,0.606871
995,0.442353
998,0.341472
1008,0.277066
1019,0.704127
1023,0.346557
1026,0.33682
1029,0.661433
1034,0.878557
1036,0.672547
1038,0.272883
1039,0.647361
1051,0.390114
1052,0.249461
1066,0.307441
1087,0.283787
1092,0.204323
1094,0.80357
1098,0.456681
1099,0.413824
1102,0.376418
1118,0.444983
1131,0.313833
1133,0.69208
1135,0.905742
1138,0.404005
1139,0.884852
1142,0.389873
1151,0.316417
1152,0.357838
1155,0.605063
1165,0.341888
1167,0.944201
1172,0.355271
1174,0.668711
1180,0.396622
1200,0.689254
1202,0.660749
1227,0.590661
1228,0.587338
1229,0.280048
1237,0.364955
1241,0.339158
1256,0.277259
1279,0.393781
1293,0.308313
1295,0.280887
1319,0.723114
1320,0.381354
1321,0.805806
1322,0.674539
1334,0.272748
1351,0.72646
1373,0.285936
1375,0.218828
1380,0.436298
1382,0.667449
1385,0.581138
1399,0.392113
1403,0.900596
1428,0.254209
1434,0.361223
1444,0.929291
1448,0.470435
1466,0.910296
1476,0.385311
1478,0.431612
1485,0.377195
1491,0.650272
1494,0.659297
1500,0.340314
1501,0.698853
1503,0.349587
1519,0.539397
1524,0.404289
1529,0.791907
1533,0.602468
1538,0.9773
1539,0.361983
1546,0.372598
1555,0.289196
1559,0.303331
1563,0.660873
1565,0.779919
1574,0.345742
1591,0.524423
1594,0.273602
1605,0.26131
1611,0.380812
1614,0.394016
1620,0.442187
1626,0.298196
1630,0.379267
1632,0.371859
1634,0.290294
1643,0.283673
1651,0.423796
1655,0.285602
1658,0.278901
1659,0.491325
1665,0.446046
1675,0.342802
1680,0.369822
1690,0.306885
1696,0.324506
1714,0.51288
1721,0.451848
1726,0.3701
1728,0.272099
1734,0.300604
1735,0.291121
1740,0.41194
1744,0.89529
1747,0.343224
1752,0.27471
1763,0.742736
1765,0.744907
1769,0.396249
1785,0.548479
1787,0.215595
1788,0.26952
1793,0.247057
1800,0.308852
1825,0.411394
1826,0.71948
1834,0.376364
1843,0.392797
1844,0.33103
1848,0.181693
1849,0.280218
1860,0.251747
1863,0.120363
1875,0.636891
1883,0.366485
1890,0.547001
1892,0.564439
1893,0.619874
1897,0.62549
1905,0.291568
1908,0.429019
1931,0.313885
1940,0.867612
1943,0.353588
1947,0.103343
1965,0.735482
1967,0.581956
1968,0.605559
1972,0.881101
1982,0.434264
1985,0.480499
2005,0.78196
2010,0.846505
2021,0.237898
2024,0.790727
2036,0.5188
2043,0.682637
2047,0.496705
2049,0.480796
2055,0.274983
2065,0.396566
2066,0.271818
2070,0.268794
2077,0.915785
2085,0.527347
2095,0.446397
2097,0.653349
2108,0.401155
2112,0.611099
2113,0.71496
2122,0.200728
2139,0.332597
2144,0.463493
2146,0.277798
2148,0.128709
2149,0.507587
2157,0.299596
2159,0.400763
2168,0.391957
2176,0.2613
2178,0.638417
2181,0.356621
2187,0.812593
2188,0.280744
2190,0.263383
2194,0.357832
2197,0.270329
2214,0.172078
2217,0.130074
2222,0.401844
2223,0.261272
2226,0.287844
2230,0.734496
2240,0.269227
2247,0.290101
2250,0.301146
2259,0.4368
2262,0.324772
2266,0.366229
2305,0.262895
2310,0.349915
2313,0.31077
2319,0.89769
2320,0.628281
2345,0.27766
2350,0.682861
2356,0.335253
2360,0.53128
2370,0.394476
2386,0.383096
2398,0.351745
2414,0.70918
2435,0.769532
2439,0.184183
2446,0.766399
2458,0.320907
2465,0.320395
2466,0.396121
2470,0.416501
2495,0.726541
2501,0.381353
2507,0.265139
2533,0.0475547
2537,0.402418
2538,0.293433
2541,0.251056
2542,0.778447
2544,0.852251
2554,0.231551
2555,0.266526
2565,0.510412
2575,0.840755
2586,0.389296
2588,0.436073
2594,0.545711
2617,0.444563
2618,0.285975
2623,0.976704
2631,0.505535
2640,0.268283
2642,0.747247
2647,0.322875
2663,0.353378
2664,0.27935
2676,0.406868
2680,0.965934
2681,0.455463
2691,0.309348
2693,0.33775
2695,0.391531
2704,0.272591
2708,0.260509
2709,0.981517
2717,0.759762
2722,0.383937
2728,0.407983
2732,0.773583
2743,0.381127
2752,0.252895
2757,0.657822
2761,0.315961
2769,0.264091
2771,0.262267
2774,0.3785
2776,0.29274
2781,0.242378
2793,0.226605
2799,0.334191
2803,0.31431
2811,0.273145
2818,0.265723
2824,0.581745
2828,0.749743
2829,0.373796
2830,0.366871
2842,0.73128
2847,0.650927
2848,0.313801
2868,0.345753
2870,0.295556
2885,0.187719
2886,0.352974
2889,0.514274
2903,0.359945
2904,0.673985
2918,0.882346
2919,0.26475
2922,0.298498
2923,0.41249
2931,0.256641
2945,0.378819
2955,0.294709
2957,0.630405
2960,0.71314
2963,0.248951
2966,0.71905
2972,0.646364
2974,0.29918
2982,0.282197
2984,0.640416
3016,0.394358
3021,0.2777
3023,0.86045
3025,0.362232
3029,0.271027
3034,0.752217
3038,0.27739
3040,0.382533
3051,0.798913
3062,0.320459
3069,0.371328
3071,0.355892
3076,0.937169
3079,0.217373
3081,0.212685
3082,0.313807
3084,0.907686
3098,0.389752
3104,0.393404
3105,0.438928
3114,0.747147
3118,0.421803
3122,0.288665
3132,0.232696
3138,0.425537
3141,0.490178
3156,0.741585
3162,0.732912
3167,0.325358
3170,0.360446
3171,0.277238
3172,0.321257
3176,0.976502
3180,0.333352
3189,0.386515
3198,0.368349
3206,0.201613
3215,0.220971
3222,0.56703
3228,0.151639
3229,0.18015
3232,0.164492
3233,0.181383
3238,0.17305
3256,0.618057
3264,0.530024
3273,0.40858
3275,0.674487
3285,0.499388
3289,0.264922
3294,0.346222
3306,0.38758
3311,0.759165
3318,0.257727
3322,0.657701
3324,0.31469
3334,0.603096
3341,0.410947
3345,0.345262
3346,0.937711
3352,0.272473
3368,0.313671
3371,0.184939
3372,0.381871
3375,0.398859
3384,0.321857
3387,0.297718
3393,0.346493
3406,0.390929
3411,0.51034
3412,0.662547
3414,0.474704
3417,0.688897
3420,0.783404
3423,0.779611
3436,0.272766
3438,0.671564
3442,0.283946
3443,0.32102
3451,0.279527
3461,0.379314
3489,0.281704
3491,0.53205
3510,0.679098
3515,0.51459
3527,0.325303
3530,0.355694
3540,0.257789
3582,0.142725
3604,0.312676
3605,0.27868
3609,0.313377
3624,0.159792
3628,0.784379
3630,0.333841
3641,0.287191
3642,0.230529
3648,0.323902
3650,0.942586
3652,0.976373
3660,0.390704
3664,0.265171
3670,0.179393
3672,0.200718
3680,0.252073
3682,0.966022
3685,0.470931
3686,0.255185
3689,0.257454
3705,0.323076
3712,0.24936
3713,0.330936
3719,0.251231
3721,0.273493
3723,0.78498
3724,0.247531
3727,0.312086
3733,0.51053
3734,0.423333
3742,0.357616
3770,0.224846
3777,0.349791
3778,0.343635
3780,0.386302
3783,0.276725
3784,0.547604
3788,0.305056
3790,0.34429
3794,0.385067
3795,0.443744
3796,0.526411
3801,0.60979
3806,0.362243
3813,0.411844
3814,0.410942
3818,0.329301
3824,0.388318
3836,0.393153
3853,0.432586
3855,0.293868
3858,0.378204
3861,0.823323
3866,0.385446
3870,0.397721
3874,0.955262
3876,0.231423
3878,0.252077
3890,0.427628
3900,0.940286
3904,0.411822
3906,0.389511
3907,0.476698
3908,0.400173
3912,0.383219
3918,0.961424
3923,0.965468
3924,0.341504
3925,0.215344
3927,0.649274
3955,0.900075
3964,0.41942
3969,0.277752
3974,0.75467
3976,0.350829
3984,0.277006
3991,0.367746
3993,0.983426
4009,0.470141
4011,0.41814
4020,0.401412
4033,0.331114
4041,0.459636
4045,0.877665
4052,0.263473
4055,0.492581
4056,0.428592
4057,0.422553
4067,0.97908
4069,0.372745
4077,0.333386
4094,0.368529
4095,0.367619
4100,0.386021
4119,0.272597
4130,0.584803
4131,0.376024
4132,0.446481
4134,0.388988
4137,0.924035
4138,0.393212
4143,0.243234
4145,0.461975
4148,0.311869
4163,0.241944
4166,0.420944
4169,0.812826
4170,0.51432
4174,0.463608
4180,0.465404
4199,0.979074
4201,0.332208
4203,0.369034
4210,0.0150376
4211,0.287878
4213,0.907292
4225,0.38132
4235,0.276834
4242,0.305655
4245,0.372313
4250,0.357849
4252,0.416489
4254,0.322679
4263,0.322005
4264,0.30238
4268,0.309215
4270,0.443042
4282,0.7981
4283,0.470815
4291,0.403953
4304,0.390022
4306,0.329765
4309,0.369059
4310,0.301524
4313,0.240339
4314,0.311594
4315,0.252479
4321,0.363012
4324,0.358695
4325,0.343535
4328,0.315773
4329,0.232705
4332,0.293602
4337,0.311947
4342,0.449667
4344,0.368436
4352,0.323647
4355,0.295096
4366,0.313954
4371,0.342997
4372,0.356138
4376,0.313485
4384,0.271286
4387,0.250749
4389,0.401007
4390,0.355019
4406,0.281706
4407,0.874094
4409,0.973168
4410,0.687745
4424,0.374183
4434,0.321088
4452,0.268177
4460,0.362701
4470,0.619401
4480,0.317054
4496,0.910512
4503,0.268048
4512,0.358519
4518,0.656103
4519,0.348738
4522,0.346885
4525,0.354304
4537,0.596424
4546,0.288262
4547,0.951661
4553,0.427488
4556,0.31077
4558,0.88979
4563,0.137141
4568,0.292992
4574,0.789786
4578,0.203795
4587,0.377996
4592,0.595
4610,0.367448
4615,0.634877
4619,0.406749
4620,0.578953
4625,0.624739
4635,0.41508
4636,0.382032
4641,0.373754
4650,0.343294
4653,0.834962
4665,0.277498
4668,0.94063
4669,0.276873
4670,0.302797
4674,0.320489
4675,0.356862
4676,0.205832
4679,0.295538
4680,0.937853
4686,0.337699
4699,0.391512
4713,0.449388
4718,0.340473
4721,0.196095
4722,0.165269
4724,0.34414
4730,0.977793
4731,0.283345
4735,0.357484
4743,0.3019
4745,0.211102
4746,0.572556
4747,0.325055
4748,0.323338
4769,0.38676
4771,0.398725
4774,0.264677
4784,0.310997
4797,0.398791
4801,0.630299
4804,0.190363
4820,0.285872
4833,0.423077
4834,0.440121
4851,0.251623
4859,0.274923
4860,0.975775
4863,0.387734
4873,0.343811
4881,0.284985
4892,0.328715
4908,0.352975
4911,0.319538
4915,0.230713
4922,0.348949
4929,0.370703
4936,0.197651
4939,0.413161
4951,0.287027
4956,0.270283
4961,0.367899
4964,0.266042
4981,0.354048
4991,0.910747
4992,0.28933
4997,0.400339
5004,0.293346
5010,0.440921
5012,0.44189
5015,0.17652
5020,0.457193
5030,0.347439
5051,0.982242
5052,0.385758
5057,0.635273
5058,0.548284
5060,0.387347
5061,0.36435
5064,0.487671
5078,0.498813
5080,0.503167
5088,0.411618
5089,0.627154
5090,0.355695
5103,0.945051
5108,0.33637
5114,0.294583
5115,0.300863
5124,0.65633
5137,0.399265
5139,0.279144
5144,0.228034
5149,0.911874
5157,0.338517
5163,0.297025
5174,0.345848
5176,0.374748
5179,0.311136
5186,0.459657
5203,0.814041
5204,0.749238
5206,0.27682
5207,0.61352
5220,0.284449
5221,0.782309
5224,0.392697
5227,0.264389
5229,0.237901
5232,0.580116
5240,0.664098
5242,0.582692
5243,0.287171
5245,0.668138
5248,0.396365
5249,0.241986
5254,0.330279
5269,0.266543
5272,0.408676
5276,0.384099
5286,0.755666
5290,0.247972
5308,0.278882
5316,0.338378
5318,0.322347
5319,0.40077
5320,0.399836
5322,0.325662
5324,0.2812
5331,0.745714
5336,0.947205
5344,0.267694
5354,0.360994
5356,0.0108806
5358,0.287828
5361,0.43532
5365,0.684256
5370,0.613083
5376,0.381077
5383,0.415991
5384,0.353894
5385,0.372544
5393,0.778298
5397,0.333572
5398,0.355122
5402,0.309654
5407,0.723211
5409,0.411464
5425,0.391264
5428,0.617409
5430,0.371747
5442,0.311246
5447,0.400026
5470,0.359827
5485,0.344725
5493,0.256792
5502,0.608783
5504,0.351592
5517,0.215431
5522,0.388752
5527,0.724124
5528,0.282001
5536,0.561731
5545,0.323425
5576,0.353374
5577,0.364786
5592,0.214892
5594,0.293373
5595,0.345209
5596,0.30489
5599,0.558353
5606,0.371069
5617,0.383931
5625,0.734322
5626,0.248639
5627,0.668051
5642,0.639106
5659,0.977089
5664,0.686591
5666,0.807557
5671,0.325621
5674,0.328924
5677,0.504527
5681,0.330832
5683,0.0123818
5700,0.392619
5713,0.460447
5715,0.233586
5718,0.364504
5726,0.611281
5738,0.383485
5741,0.769948
5743,0.823505
5753,0.369716
5761,0.304691
5789,0.835075
5797,0.339824
5803,0.290438
5810,0.412613
5813,0.341089
5817,0.292694
5818,0.40981
5822,0.304675
5829,0.170896
5846,0.430018
5847,0.292432
5854,0.255581
5858,0.391181
5863,0.290935
5869,0.319839
5870,0.406018
5876,0.128718
5881,0.266144
5901,0.296111
5922,0.604213
5928,0.795607
5933,0.354369
5934,0.772438
5946,0.413465
5951,0.229075
5955,0.413875
5956,0.92225
5965,0.308893
5972,0.353888
5981,0.275309
5997,0.381456
6005,0.202218
6009,0.274207
6010,0.253985
6015,0.342626
6039,0.248268
6047,0.639785
6051,0.0172652
6056,0.418929
6061,0.406217
6064,0.291827
6065,0.34498
6070,0.241404
6085,0.707853
6086,0.164907
6091,0.671494
6097,0.155611
6099,0.256049
6104,0.591754
6108,0.237465
6109,0.2358
6124,0.587827
6142,0.699603
6144,0.390401
6150,0.4449
6154,0.392973
6155,0.357488
6156,0.98868
6158,0.490759
6159,0.989088
6169,0.740363
6170,0.0150364
6179,0.39931
6184,0.589491
6186,0.833822
6204,0.0550831
6230,0.699622
6231,0.438197
6232,0.981675
6235,0.67316
6237,0.890254
6239,0.417981
6263,0.367056
6265,0.271607
6270,0.248737
6271,0.291503
6278,0.354249
6279,0.626716
6288,0.349369
6294,0.313125
6295,0.269451
6302,0.432642
6306,0.11316
6322,0.905095
6324,0.372222
6327,0.280985
6331,0.395207
6334,0.291719
6338,0.659176
6339,0.69062
6362,0.239554
6372,0.337547
6375,0.80755
6393,0.204985
6394,0.359303
6405,0.975604
6406,0.411237
6416,0.719329
6421,0.379897
6422,0.256565
6440,0.908129
6457,0.643903
6460,0.575476
6463,0.41121
6474,0.751168
6476,0.445664
6477,0.413561
6482,0.783404
6488,0.272263
6489,0.262246
6494,0.323952
6499,0.485986
6507,0.137105
6524,0.333269
6527,0.331006
6531,0.271927
6536,0.308764
6538,0.0552395
6542,0.820485
6565,0.254676
6584,0.371701
6588,0.359881
6597,0.314367
6603,0.771205
6609,0.655311
6613,0.763967
6622,0.220405
6630,0.334114
6637,0.297426
6639,0.762167
6640,0.342487
6646,0.377801
6647,0.388022
6648,0.977118
6669,0.293991
6680,0.225532
6681,0.228615
6684,0.0141777
6693,0.199846
6694,0.202568
6704,0.303238
6706,0.234747
6710,0.394233
6713,0.35361
6718,0.244154
6732,0.385263
6737,0.394241
6739,0.33622
6742,0.435044
6746,0.645801
6753,0.297401
6771,0.270608
6784,0.240071
6790,0.938676
6795,0.322829
6807,0.283925
6808,0.294829
6818,0.400263
6823,0.392488
6830,0.397795
6831,0.289427
6832,0.361912
6836,0.4044
6846,0.3862
6850,0.358461
6854,0.375331
6868,0.643753
6876,0.410002
6877,0.691109
6881,0.15481
6882,0.326777
6884,0.393355
6886,0.338945
6901,0.344319
6910,0.413302
6913,0.391187
6914,0.759542
6918,0.875265
6930,0.677122
6941,0.574644
6944,0.891652
6945,0.659414
6947,0.402116
6949,0.916234
6952,0.667908
6963,0.588598
6964,0.666221
6972,0.650793
6979,0.337475
6981,0.300784
6988,0.766445
6990,0.32631
6998,0.26643
7004,0.311096
7016,0.50112
7027,0.402777
7042,0.305454
7056,0.236346
7061,0.362365
7069,0.661809
7071,0.33919
7088,0.687163
7099,0.371357
7108,0.392383
7121,0.906102
7125,0.806316
7136,0.597511
7149,0.71827
7150,0.627506
7151,0.357488
7167,0.363273
7177,0.746178
7178,0.196695
7183,0.55912
7186,0.351536
7190,0.289387
7201,0.406239
7202,0.364701
7207,0.356824
7213,0.34684
7224,0.72111
7225,0.291436
7233,0.353576
7239,0.353866
7246,0.265985
7248,0.37091
7261,0.402016
7264,0.425819
7266,0.277697
7274,0.354826
7279,0.648895
7293,0.33368
7315,0.184108
7322,0.332037
7326,0.929755
7341,0.470708
7363,0.368885
7365,0.673359
7371,0.298913
7377,0.360997
7393,0.721812
7405,0.142304
7410,0.154271
7434,0.657653
7438,0.479473
7447,0.77582
7450,0.767088
7452,0.380977
7453,0.070836
7455,0.241687
7456,0.35108
7457,0.883841
7466,0.258836
7470,0.719786
7474,0.427059
7487,0.541525
7488,0.320053
7492,0.79012
7496,0.402317
7501,0.604695
7505,0.415349
7512,0.303217
7526,0.643632
7536,0.602
7538,0.70041
7539,0.425386
7544,0.75514
7554,0.534967
7564,0.300426
7566,0.63898
7580,0.677638
7581,0.841874
7584,0.335518
7587,0.345855
7589,0.422188
7590,0.406017
7594,0.669982
7597,0.29508
7602,0.938635
7603,0.416383
7605,0.735431
7609,0.317096
7613,0.391114
7619,0.267012
7625,0.345392
7626,0.405105
7636,0.406478
7639,0.758536
7641,0.380505
7643,0.83331
7644,0.298942
7657,0.489248
7661,0.760397
7666,0.301534
7673,0.286424
7683,0.268471
7685,0.308737
7699,0.349073
7704,0.673093
7705,0.599506
7708,0.584287
7728,0.278517
7733,0.39931
7741,0.427934
7743,0.408614
7745,0.319202
7754,0.744383
7756,0.31032
7757,0.339185
7770,0.647982
7773,0.981287
7774,0.357639
7776,0.734408
7777,0.385792
7778,0.351605
7781,0.369777
7784,0.301927
7789,0.926192
7794,0.643536
7799,0.337021
7801,0.738363
7818,0.243199
7823,0.362783
7828,0.361363
7832,0.38461
7839,0.380627
7851,0.775415
7856,0.400819
7868,0.297413
7869,0.199621
7872,0.250027
7874,0.317777
7878,0.370067
7888,0.381231
7913,0.317041
7923,0.400161
7925,0.328668
7926,0.53091
7938,0.309816
7942,0.68429
7945,0.372518
7954,0.645454
7963,0.355983
7969,0.415069
7970,0.380328
7977,0.347594
7981,0.306546
7990,0.273594
8020,0.504049
8023,0.37638
8025,0.454268
8034,0.451143
8039,0.372842
8046,0.342502
8051,0.282464
8055,0.397487
8060,0.438809
8063,0.382003
8073,0.974019
8074,0.440405
8076,0.648272
8080,0.320812
8088,0.314523
8102,0.604692
8103,0.42359
8104,0.462257
8105,0.383318
8109,0.253284
8115,0.388746
8121,0.662861
8126,0.402932
8135,0.910952
8153,0.713265
8156,0.252461
8160,0.781373
8161,0.3746
8162,0.439786
8171,0.393655
8181,0.329818
8183,0.344178
8185,0.275263
8191,0.937959
8203,0.250505
8204,0.712039
8207,0.556595
8208,0.38058
8209,0.52588
8210,0.307197
8225,0.303419
8226,0.385008
8231,0.614993
8233,0.171811
8244,0.701852
8250,0.339066
8261,0.414912
8265,0.349444
8278,0.396202
8279,0.307653
8280,0.312658
8296,0.697454
8299,0.323238
8300,0.573338
8301,0.252736
8305,0.439759
8327,0.387788
8334,0.385672
8349,0.280918
8355,0.300178
8361,0.37159
8362,0.337552
8364,0.302664
8365,0.322766
8375,0.377234
8378,0.636638
8380,0.314965
8381,0.36959
8387,0.348025
8399,0.718858
8402,0.891766
8409,0.220397
8433,0.749952
8436,0.419928
8442,0.349785
8448,0.312326
8464,0.411672
8469,0.540334
8474,0.565376
8478,0.387829
8482,0.334425
8490,0.199527
8510,0.425288
8511,0.500624
8527,0.376959
8532,0.260685
8533,0.369937
8538,0.359032
8541,0.429439
8545,0.370184
8553,0.429196
8554,0.410832
8555,0.347405
8569,0.342249
8586,0.8696
8593,0.367231
8600,0.980737
8606,0.86671
8607,0.344737
8611,0.272065
8613,0.727735
8618,0.898439
8630,0.22179
8637,0.341531
8650,0.32909
8652,0.257412
8661,0.377018
8669,0.381117
8673,0.441836
8674,0.479599
8678,0.759363
8682,0.35876
8688,0.266292
8689,0.711621
8695,0.39088
8698,0.326613
8703,0.268375
8709,0.472423
8716,0.493714
8723,0.440286
8737,0.575179
8753,0.392046
8773,0.366773
8774,0.311895
8778,0.615454
8786,0.545058
8794,0.362379
8795,0.546688
8800,0.242263
8804,0.417276
8808,0.32772
8809,0.269488
8817,0.313615
8818,0.378502
8825,0.35877
8830,0.380203
8833,0.409488
8834,0.344826
8836,0.388217
8837,0.431968
8844,0.354088
8851,0.318612
8861,0.913844
8864,0.364191
8865,0.345379
8869,0.246818
8873,0.765423
8880,0.864493
8884,0.281393
8888,0.351728
8889,0.277633
8891,0.777963
8893,0.371098
8897,0.501854
8905,0.468864
8910,0.710815
8918,0.401267
8939,0.400812
8940,0.308787
8941,0.429286
8944,0.287656
8949,0.295238
8950,0.347912
8958,0.89782
8967,0.779572
8975,0.68219
8979,0.337397
8980,0.386681
8991,0.284102
8995,0.168219
8996,0.384605
8998,0.788093
9000,0.383892
9001,0.629741
9002,0.44144
9024,0.560626
9026,0.485245
9027,0.270155
9034,0.427202
9038,0.382471
9050,0.31467
9052,0.919833
9054,0.439749
9078,0.923785
9097,0.225434
9109,0.331384
9112,0.692638
9115,0.400536
9125,0.432531
9132,0.356863
9136,0.300667
9139,0.352757
9140,0.341416
9142,0.551672
9143,0.331902
9147,0.653
9159,0.334416
9165,0.727925
9172,0.353521
9177,0.35232
9179,0.339777
9185,0.19025
9196,0.852162
9201,0.460809
9209,0.427709
9210,0.558421
9212,0.181522
9214,0.442509
9240,0.936053
9241,0.346977
9244,0.323347
9249,0.379874
9250,0.718008
9255,0.473706
9258,0.558033
9263,0.340688
9266,0.631939
9269,0.25981
9272,0.315423
9276,0.69437
9290,0.339599
9299,0.33087
9303,0.391308
9310,0.0299001
9311,0.351088
9314,0.311357
9315,0.859076
9325,0.366776
9328,0.58425
9329,0.410488
9332,0.923977
9337,0.599725
9353,0.939556
9355,0.508781
9356,0.381624
9362,0.847358
9364,0.331259
9366,0.394584
9387,0.936541
9388,0.977609
9396,0.421251
9400,0.373398
9406,0.348897
9411,0.283997
9416,0.672517
9417,0.763802
9423,0.737798
9425,0.236222
9426,0.430927
9427,0.285795
9429,0.761929
9430,0.827768
9434,0.278915
9442,0.397899
9458,0.316633
9476,0.393802
9481,0.37172
9483,0.428615
9484,0.412546
9487,0.763081
9488,0.384198
9490,0.365198
9502,0.944019
9505,0.35715
9509,0.350873
9515,0.444777
9516,0.434422
9532,0.264538
9539,0.686881
9542,0.416199
9549,0.411501
9550,0.582343
9553,0.387047
9554,0.178766
9561,0.332742
9566,0.386495
9571,0.388224
9577,0.370843
9584,0.400445
9592,0.427065
9596,0.785569
9602,0.271154
9603,0.342624
9604,0.670416
9608,0.750493
9609,0.376426
9613,0.433362
9623,0.32282
9630,0.977243
9633,0.420242
9648,0.495386
9665,0.337507
9668,0.365018
9678,0.353414
9679,0.298788
9693,0.773227
9718,0.846716
9720,0.796954
9744,0.349542
9745,0.381662
9746,0.68365
9753,0.348162
9758,0.356926
9759,0.329376
9763,0.390778
9766,0.352526
9767,0.341722
9777,0.768233
9781,0.30312
9789,0.451829
9790,0.252081
9799,0.334661
9802,0.283422
9805,0.700637
9807,0.261506
9812,0.300732
9818,0.273667
9820,0.837589
9822,0.447532
9824,0.384032
9834,0.340203
9836,0.20946
9847,0.349143
9864,0.945871
9869,0.420893
9875,0.416687
9880,0.274544
9889,0.785052
9894,0.426456
9909,0.637648
9915,0.480156
9919,0.652403
9920,0.837478
9940,0.76954
9946,0.612199
9958,0.798005
9959,0.383665
9973,0.722238
9976,0.398799
9978,0.426471
9982,0.391614
9987,0.309548
9988,0.272162
9992,0.358101
10000,0.0435824
10002,0.85194
10005,0.39591
10008,0.295445
10009,0.329486
10011,0.289688
10021,0.238773
10022,0.769147
10053,0.34739
10074,0.404979
10076,0.407837
10090,0.332874
10092,0.254456
10099,0.398532
10102,0.412917
10103,0.428991
10106,0.446813
10108,0.563293
10113,0.789363
10119,0.427044
10122,0.201815
10125,0.217057
10140,0.307654
10155,0.293358
10159,0.211547
10164,0.350322
10175,0.30803
10176,0.747326
10178,0.374633
10186,0.404723
10200,0.33429
10204,0.377858
10206,0.355921
10211,0.451669
10212,0.398374
10217,0.387538
10220,0.488444
10230,0.472103
10234,0.405817
10235,0.400277
10239,0.286851
10240,0.29894
10242,0.292388
10245,0.294598
10246,0.62746
10247,0.306455
10250,0.322927
10254,0.945991
10257,0.701947
10260,0.677486
10261,0.947818
10265,0.658175
10273,0.610645
10274,0.622845
10277,0.351632
10289,0.933477
10290,0.237583
10298,0.422733
10301,0.425577
10304,0.385274
10305,0.474627
10313,0.261434
10320,0.395691
10323,0.330581
10328,0.301217
10332,0.961107
10336,0.972503
10343,0.399003
10348,0.392297
10350,0.305145
10351,0.326987
10354,0.294755
10372,0.26866
10373,0.719292
10380,0.419076
10383,0.231227
10396,0.658424
10397,0.553386
10399,0.667125
10400,0.524572
10401,0.327674
10402,0.307714
10403,0.543832
10410,0.95737
10412,0.552936
10415,0.250671
10424,0.43479
10428,0.307752
10432,0.334466
10462,0.35453
10477,0.362443
10482,0.363417
10484,0.399765
10493,0.398313
10495,0.341427
10497,0.332554
10516,0.376351
10521,0.223877
10522,0.868572
10523,0.822272
10528,0.349872
10530,0.275417
10532,0.597609
10533,0.347121
10543,0.930666
10547,0.538636
10552,0.313918
10558,0.256207
10571,0.282369
10572,0.199734
10574,0.218156
10583,0.431934
10600,0.318679
10607,0.688848
10608,0.678717
10614,0.235081
10630,0.35113
10634,0.313642
10635,0.402316
10641,0.793442
10643,0.574973
10644,0.427265
10648,0.51625
10669,0.416712
10675,0.5277
10686,0.815249
10704,0.423625
10707,0.505409
10722,0.375209
10736,0.739202
10764,0.293117
10767,0.813143
10776,0.382053
10779,0.491567
10781,0.393652
10792,0.606177
10797,0.368457
10798,0.337337
10801,0.597926
10802,0.498816
10805,0.284651
10808,0.383766
10810,0.933695
10816,0.384565
10817,0.392577
10829,0.721487
10843,0.374087
10858,0.382063
10866,0.413098
10876,0.42796
10887,0.312318
10891,0.200933
10896,0.375511
10900,0.743022
10905,0.269796
10907,0.322053
10917,0.138765
10936,0.380548
10947,0.371869
10948,0.631632
10951,0.333717
10955,0.280207
10969,0.414304
10984,0.435934
10987,0.334057
10990,0.484543
10992,0.317946
10996,0.523435
10997,0.545711
10999,0.387689
11000,0.744655
11001,0.470034
11010,0.45555
11016,0.573444
11018,0.841618
11034,0.927802
11039,0.466494
11041,0.285816
11047,0.410647
11053,0.682319
11055,0.192035
11056,0.475651
11065,0.393323
11068,0.637761
11070,0.348316
11071,0.628388
11072,0.339789
11079,0.401983
11091,0.321314
11094,0.326684
11112,0.383721
11113,0.330738
11128,0.291715
11153,0.476884
11154,0.127222
11163,0.389568
11179,0.292508
11181,0.28145
11206,0.212156
11216,0.391554
11221,0.301923
11223,0.799962
11228,0.875389
11235,0.373982
11237,0.417465
11244,0.339025
11256,0.393127
11267,0.282877
11272,0.698769
11281,0.396932
11285,0.352206
11288,0.433539
11291,0.315674
11293,0.408577
11297,0.40494
11298,0.361218
11299,0.390738
11301,0.346701
11309,0.706521
11331,0.419919
11332,0.486718
11337,0.398743
11343,0.917229
11347,0.346122
11348,0.679085
11355,0.972113
11368,0.387708
11369,0.800458
11371,0.821866
11378,0.729108
11384,0.319848
11387,0.407658
11393,0.314782
11399,0.439152
11412,0.764222
11431,0.53983
11432,0.55181
11444,0.95505
11450,0.981641
11451,0.516237
11476,0.32824
11488,0.316672
11495,0.599029
11505,0.344337
11508,0.946991
11518,0.351834
11522,0.126233
11524,0.323211
11533,0.378274
11549,0.318957
11551,0.982654
11560,0.379836
11563,0.400519
11565,0.709486
11567,0.331403
11569,0.395594
11598,0.518953
11604,0.637493
11611,0.420391
11617,0.64152
11626,0.30116
11642,0.357163
11643,0.265741
11648,0.305724
11651,0.391803
11663,0.296087
11666,0.309096
11685,0.348567
11686,0.428875
11698,0.174387
11708,0.429007
11711,0.354586
11718,0.329684
11742,0.517434
11761,0.711894
11767,0.409392
11768,0.30891
11775,0.560988
11779,0.358504
11786,0.866217
11790,0.72587
11791,0.388901
11796,0.0125567
11806,0.530301
11810,0.385086
11811,0.367964
11814,0.935739
11816,0.415822
11820,0.569608
11822,0.446986
11829,0.569763
11832,0.464978
11834,0.581931
11836,0.322648
11837,0.449059
11844,0.823064
11847,0.653421
11864,0.650375
11865,0.654711
11872,0.329844
11873,0.335919
11886,0.506539
11894,0.364835
11905,0.370543
11906,0.140604
11907,0.529623
11912,0.421299
11914,0.812986
11918,0.377049
11924,0.397617
11929,0.948931
11930,0.34914
11936,0.361035
11937,0.3262
11954,0.643904
11957,0.324542
11964,0.303175
11968,0.186711
11972,0.378992
11976,0.416094
11979,0.172324
11981,0.330731
11983,0.426371
11989,0.252389
11991,0.461398
11998,0.395984
12003,0.537376
12007,0.368435
12011,0.587905
12014,0.390261
12024,0.193721
12033,0.354143
12034,0.429584
12041,0.234066
12046,0.313581
12056,0.279031
12064,0.305787
12069,0.159895
12070,0.295931
12071,0.282769
12072,0.222935
12078,0.304064
12091,0.690829
12092,0.329028
12094,0.397337
12098,0.43452
12103,0.345067
12115,0.652527
12118,0.379655
12122,0.539195
12125,0.947115
12133,0.425841
12137,0.580214
12141,0.366563
12143,0.344119
12144,0.793604
12154,0.378296
12163,0.342892
12170,0.670385
12193,0.261662
12196,0.347392
12206,0.555622
12209,0.355538
12214,0.580631
12228,0.541051
12233,0.709186
12238,0.476505
12242,0.390198
12245,0.651977
12247,0.340789
12251,0.376126
12287,0.332834
12292,0.836802
12304,0.366153
12317,0.666219
12320,0.764254
12323,0.754167
12328,0.446746
12333,0.802115
12334,0.366447
12335,0.628739
12352,0.384879
12358,0.386951
12364,0.360398
12376,0.348358
12396,0.367773
12402,0.981536
12406,0.243389
12408,0.238934
12410,0.942474
12413,0.608518
12417,0.303368
12424,0.53477
12425,0.366479
12426,0.322001
12430,0.342192
12432,0.619636
12433,0.281594
12451,0.180615
12457,0.512608
12465,0.409263
12468,0.614762
12474,0.43118
12475,0.387368
12486,0.432086
12487,0.591299
12514,0.304366
12524,0.984003
12526,0.357423
12530,0.389661
12532,0.0585123
12593,0.520483
12599,0.372235
12600,0.393255
12603,0.365919
12624,0.968242
12630,0.31153
12638,0.463429
12641,0.672401
12643,0.696547
12656,0.289462
12666,0.906084
12673,0.782713
12675,0.272129
12678,0.90942
12692,0.0130691
12693,0.918752
12707,0.39395
12711,0.765828
12716,0.393137
12717,0.737238
12723,0.453555
12738,0.359067
12742,0.472212
12746,0.501923
12753,0.502567
12758,0.385913
12760,0.283912
12763,0.361702
12764,0.434102
12768,0.338259
12776,0.389156
12777,0.433498
12783,0.887434
12804,0.217494
12824,0.398454
12839,0.309836
12847,0.392843
12850,0.979261
12867,0.892246
12883,0.310976
12887,0.333764
12890,0.185827
12903,0.699981
12906,0.316177
12907,0.0777209
12909,0.347871
12912,0.279651
12915,0.232985
12930,0.730238
12931,0.547669
12934,0.633894
12951,0.445263
12955,0.354677
12973,0.32981
12988,0.350061
12999,0.36053
13015,0.631528
13026,0.881754
13036,0.370601
13039,0.268185
13040,0.266843
13041,0.535964
13043,0.908907
13057,0.309561
13064,0.412994
13068,0.751328
13069,0.695704
13073,0.564262
13079,0.909292
13086,0.271516
13089,0.748219
13093,0.384069
13097,0.802041
13098,0.336054
13105,0.387331
13107,0.638779
13108,0.663723
13110,0.407098
13112,0.860506
13114,0.404472
13118,0.404013
13127,0.353325
13129,0.384004
13142,0.980893
13146,0.36447
13149,0.242875
13157,0.346874
13158,0.910959
13159,0.939192
13161,0.284919
13162,0.400663
13166,0.391801
13168,0.353553
13170,0.93189
13186,0.629492
13191,0.363487
13203,0.362016
13209,0.311934
13212,0.41975
13213,0.361983
13222,0.292165
13229,0.664635
13234,0.65193
13257,0.654238
13258,0.363131
13268,0.262717
13270,0.285143
13291,0.279715
13292,0.585893
13299,0.426275
13307,0.981236
13309,0.302443
13311,0.378058
13312,0.394091
13322,0.400753
13324,0.756194
13330,0.445147
13338,0.360435
13344,0.512893
13348,0.18315
13355,0.652373
13365,0.952663
13368,0.461571
13370,0.43367
13372,0.658064
13377,0.845437
13385,0.68146
13389,0.249792
13393,0.304757
13395,0.327177
13404,0.205223
13411,0.323867
13416,0.401223
13434,0.402389
13435,0.769758
13445,0.358151
13446,0.328568
13451,0.754098
13462,0.539677
13464,0.368861
13466,0.299885
13471,0.346569
13472,0.860016
13477,0.168665
13481,0.284839
13484,0.918849
13490,0.365932
13492,0.742275
13500,0.283614
13508,0.409699
13516,0.291904
13525,0.211613
13526,0.414295
13530,0.737614
13532,0.392229
13538,0.365955
13546,0.478725
13548,0.381607
13550,0.753942
13551,0.351949
13564,0.428538
13566,0.924959
13570,0.449605
13580,0.413158
13585,0.251719
13588,0.133968
13592,0.358637
13594,0.410712
13609,0.361874
13610,0.782084
13613,0.361763
13625,0.439238
13626,0.675825
13639,0.72661
13645,0.892116
13647,0.576158
13648,0.136025
13652,0.634566
13654,0.741097
13664,0.420333
13673,0.371978
13684,0.39046
13690,0.329321
13693,0.305426
13696,0.267887
13700,0.74441
13701,0.320861
13707,0.596462
13713,0.303733
13714,0.240511
13716,0.575569
13720,0.275256
13727,0.322344
13733,0.38949
13738,0.316263
13757,0.418588
13759,0.709817
13761,0.298292
13767,0.237272
13782,0.480844
13786,0.365723
13787,0.385575
13792,0.272964
13795,0.917961
13798,0.340803
13807,0.019243
13809,0.446644
13811,0.394923
13815,0.396721
13817,0.304278
13818,0.321
13822,0.401474
13824,0.398669
13829,0.316171
13832,0.959611
13840,0.595542
13841,0.675269
13868,0.324014
13871,0.93978
13880,0.410157
13888,0.744744
13890,0.71795
13891,0.332056
13895,0.350409
13907,0.316855
13910,0.691669
13912,0.812573
13913,0.37239
13923,0.766776
13929,0.446882
13936,0.418537
13946,0.254346
13950,0.348411
13951,0.28546
13954,0.38463
13958,0.925987
13969,0.674474
13980,0.171652
13981,0.412025
13986,0.452745
13987,0.297869
13989,0.689977
13992,0.506672
13994,0.321061
14001,0.758187
14002,0.432249
14004,0.412594
14006,0.381132
14012,0.748238
14021,0.387342
14024,0.908226
14045,0.292831
14047,0.841787
14057,0.352486
14059,0.374367
14060,0.362916
14068,0.329028
14070,0.493762
14074,0.470387
14076,0.624616
14089,0.359983
14115,0.508031
14116,0.388052
14128,0.527512
14131,0.367837
14134,0.62658
14137,0.586209
14138,0.388607
14139,0.747717
14152,0.406327
14153,0.920156
14155,0.351882
14156,0.859508
14164,0.261902
14165,0.520867
14171,0.291164
14174,0.297737
14181,0.674312
14186,0.696823
14192,0.59125
14201,0.62894
14210,0.599092
14214,0.275892
14231,0.35154
14236,0.255217
14241,0.378307
14245,0.328778
14249,0.351894
14251,0.386044
14262,0.392997
14265,0.258612
14267,0.581194
14270,0.943108
14276,0.635554
14279,0.472017
14281,0.320098
14289,0.303572
14290,0.246066
14293,0.623854
14295,0.694469
14297,0.34359
14298,0.384936
14310,0.289915
14312,0.779195
14315,0.755132
14318,0.562558
14319,0.598852
14325,0.638483
14331,0.355433
14334,0.272677
14341,0.614051
14343,0.985925
14344,0.403934
14346,0.446703
14347,0.309558
14349,0.363248
14352,0.317229
14358,0.354724
14361,0.472782
14363,0.68001
14374,0.589491
14376,0.476833
14381,0.577975
14398,0.356015
14410,0.370047
14412,0.417907
14415,0.480179
14423,0.630517
14425,0.417959
14436,0.324816
14444,0.329208
14455,0.662075
14465,0.385628
14469,0.336534
14471,0.300826
14475,0.469394
14479,0.391259
14480,0.361777
14488,0.543482
14491,0.753374
14501,0.335846
14520,0.744928
14522,0.562425
14523,0.361746
14537,0.78968
14538,0.627959
14550,0.436055
14561,0.366779
14575,0.337098
14586,0.348745
14592,0.423461
14601,0.917396
14602,0.435753
14604,0.462898
14606,0.339705
14627,0.357361
14641,0.53073
14652,0.344777
14662,0.46922
14665,0.512917
14673,0.564295
14675,0.312139
14679,0.548654
14683,0.27864
14686,0.37303
14705,0.487832
14708,0.355376
14709,0.579938
14710,0.282637
14715,0.440986
14717,0.390478
14723,0.304268
14725,0.32299
14727,0.624985
14728,0.358733
14735,0.334821
14746,0.394171
14752,0.417165
14757,0.286238
14762,0.268812
14763,0.444029
14797,0.399102
14812,0.369074
14818,0.759032
14825,0.369055
14827,0.390636
14829,0.367025
14830,0.309923
14837,0.386849
14849,0.355462
14863,0.354653
14869,0.499385
14882,0.270087
14884,0.672783
14886,0.688176
14888,0.782657
14890,0.249082
14904,0.307706
14938,0.37423
14952,0.199782
14958,0.542821
14963,0.355895
14979,0.357098
14980,0.335498
14986,0.531426
14988,0.342645
15003,0.358041
15006,0.603857
15009,0.978327
15015,0.546593
15024,0.349923
15030,0.664663
15036,0.308868
15038,0.668289
15039,0.325435
15047,0.818828
15049,0.295605
15056,0.973609
15068,0.305819
15070,0.406065
15073,0.275088
15081,0.391443
15084,0.263301
15088,0.979757
15092,0.244287
15095,0.398409
15097,0.321599
15098,0.351264
15115,0.690378
15120,0.734057
15126,0.271997
15133,0.542502
15143,0.218302
15156,0.274053
15164,0.167504
15178,0.737394
15198,0.862753
15200,0.604761
15208,0.0145897
15214,0.279428
15218,0.905144
15231,0.335547
15238,0.363395
15239,0.349363
15240,0.377382
15249,0.355536
15256,0.318451
15260,0.625593
15290,0.350533
15307,0.979019
15308,0.680202
15321,0.607362
15323,0.614843
15325,0.276312
15342,0.637359
15346,0.404771
15349,0.384064
15354,0.34716
15362,0.374709
15379,0.26369
15383,0.422509
15394,0.293257
15401,0.585375
15405,0.390489
15407,0.362002
15412,0.525936
15413,0.534999
15415,0.610216
15427,0.788455
15430,0.62178
15436,0.726158
15439,0.503689
15443,0.396597
15444,0.85991
15445,0.778674
15450,0.39449
15456,0.696352
15465,0.30214
15466,0.341082
15470,0.452298
15474,0.697179
15476,0.476418
15482,0.261418
15492,0.325248
15510,0.548925
15519,0.510894
15523,0.126535
15535,0.715224
15561,0.942435
15564,0.676396
15566,0.269309
15579,0.370309
15580,0.592846
15581,0.368488
15587,0.381871
15589,0.339318
15591,0.34529
15597,0.374971
15620,0.699372
15627,0.639219
15636,0.761226
15653,0.352512
15662,0.92126
15664,0.376831
15666,0.425783
15667,0.299305
15674,0.425181
15692,0.313388
15715,0.285672
15736,0.60595
15744,0.719825
15746,0.356695
15758,0.368103
15760,0.28257
15766,0.302527
15767,0.30227
15789,0.629971
15810,0.261184
15818,0.278114
15820,0.185975
15830,0.600515
15844,0.400438
15850,0.247937
15857,0.373021
15863,0.984273
15869,0.326814
15872,0.360059
15873,0.571865
15884,0.21929
15885,0.717719
15891,0.713078
15898,0.346782
15900,0.264828
15932,0.290216
15940,0.410729
15944,0.244737
15945,0.263751
15963,0.693885
15970,0.407878
15977,0.27354
15982,0.12506
15985,0.351096
15995,0.612656
16004,0.446445
16005,0.45414
16011,0.597289
16019,0.847489
16021,0.634794
16051,0.805085
16065,0.312188
16066,0.280374
16076,0.391769
16091,0.309528
16094,0.266702
16101,0.401137
16104,0.766739
16113,0.784992
16114,0.638389
16115,0.753103
16127,0.506096
16128,0.377364
16138,0.630867
16139,0.55451
16142,0.295813
16144,0.512641
16148,0.759777
16151,0.248146
16156,0.410497
16165,0.468177
16166,0.171528
16179,0.689143
16193,0.588682
16196,0.542186
16198,0.402899
16210,0.670525
16232,0.459092
16237,0.374091
16240,0.573015
16252,0.516987
16259,0.335671
16262,0.369266
16263,0.362613
16270,0.452427
16272,0.38302
16290,0.290967
16295,0.815338
16297,0.33688
16299,0.320545
16300,0.234203
16302,0.277401
16303,0.457356
16305,0.630595
16309,0.300687
16312,0.344739
16320,0.221908
16326,0.321945
16327,0.357751
16338,0.458928
16342,0.322714
16346,0.531446
16348,0.359667
16355,0.562487
16356,0.585839
16378,0.710561
16382,0.241308
16391,0.370804
16392,0.412747
16395,0.749089
16399,0.351105
16403,0.420772
16408,0.327402
16413,0.345447
16415,0.282808
16417,0.658294
16420,0.384262
16431,0.315225
16439,0.692747
16444,0.833808
16446,0.0109898
16451,0.614976
16454,0.32116
16461,0.448353
16462,0.293158
16469,0.408885
16484,0.437822
16486,0.77785
16487,0.353487
16491,0.362275
16494,0.382636
16507,0.514991
16508,0.231482
16519,0.322401
16523,0.302647
16526,0.820122
16530,0.33183
16532,0.87705
16542,0.276496
16550,0.780624
16555,0.325932
16558,0.273283
16567,0.920771
16576,0.302979
16579,0.31664
16595,0.592728
16598,0.336273
16600,0.310865
16604,0.689793
16605,0.827551
16607,0.69853
16610,0.325274
16612,0.983959
16617,0.637739
16625,0.769369
16632,0.58367
16634,0.504919
16650,0.270946
16654,0.365627
16655,0.348833
16656,0.286803
16657,0.476307
16660,0.486223
16662,0.574191
16669,0.358854
16675,0.738418
16676,0.310998
16678,0.344837
16679,0.31528
16693,0.355773
16701,0.242727
16715,0.400916
16722,0.626337
16724,0.612297
16727,0.686174
16735,0.312068
16741,0.295899
16752,0.314221
16758,0.290777
16765,0.335117
16771,0.307729
16785,0.0363831
16793,0.599755
16800,0.511651
16805,0.31226
16809,0.241105
16820,0.588463
16827,0.518397
16830,0.587679
16843,0.987263
16847,0.280594
16855,0.777088
16860,0.818362
16862,0.735903
16863,0.471696
16872,0.129367
16874,0.35943
16876,0.411471
16893,0.302963
16895,0.294987
16914,0.504696
16917,0.374424
16926,0.330152
16930,0.537793
16931,0.327774
16932,0.289152
16934,0.393838
16937,0.444038
16941,0.366857
16942,0.954096
16957,0.376856
16962,0.548565
16967,0.75814
16968,0.860659
16972,0.306296
16974,0.25386
16984,0.341202
16987,0.336803
16994,0.794859
16995,0.678085
16999,0.338677
17034,0.562797
17038,0.270621
17040,0.191794
17050,0.190605
17068,0.300133
17077,0.333066
17079,0.713926
17082,0.698275
17085,0.653214
17087,0.336429
17099,0.838687
17105,0.318631
17108,0.251008
17110,0.316789
17111,0.38575
17123,0.36008
17124,0.352397
17130,0.705317
17138,0.257089
17143,0.868111
17157,0.281292
17160,0.932927
17166,0.421136
17167,0.291702
17179,0.472584
17180,0.324104
17189,0.759355
17197,0.79874
17219,0.679838
17223,0.303613
17225,0.828813
17229,0.884621
17234,0.30798
17235,0.278887
17239,0.404913
17242,0.341605
17243,0.409769
17246,0.610851
17247,0.262713
17255,0.300698
17258,0.57522
17260,0.319982
17264,0.58263
17270,0.435943
17271,0.412858
17272,0.270083
17285,0.311764
17294,0.291819
17297,0.32073
17298,0.741833
17299,0.313975
17306,0.319421
17324,0.370447
17326,0.276514
17330,0.392352
17345,0.293174
17351,0.790013
17352,0.256528
17372,0.281403
17381,0.586664
17385,0.619239
17388,0.269554
17390,0.626178
17392,0.918729
17399,0.229222
17404,0.345003
17407,0.255912
17408,0.603178
17416,0.565539
17418,0.327246
17434,0.854592
17438,0.726294
17443,0.716255
17444,0.358848
17453,0.440453
17460,0.593195
17467,0.477295
17480,0.39309
17488,0.767998
17490,0.371676
17493,0.311142
17498,0.329138
17503,0.292855
17513,0.32443
17520,0.747055
17525,0.589329
17534,0.297101
17545,0.423454
17553,0.346711
17554,0.329352
17557,0.266129
17563,0.711921
17576,0.416574
17577,0.370632
17580,0.735606
17582,0.364766
17596,0.386093
17597,0.400484
17602,0.706801
17614,0.531058
17623,0.489398
17624,0.521689
17627,0.718726
17628,0.368572
17630,0.328066
17634,0.945051
17640,0.292258
17652,0.477284
17657,0.288677
17661,0.263926
17662,0.371069
17666,0.31627
17682,0.842623
17688,0.542092
17693,0.5634
17705,0.451143
17711,0.386747
17715,0.342232
17717,0.358615
17721,0.278932
17728,0.185523
17737,0.339429
17745,0.313174
17755,0.32569
17764,0.904038
17774,0.291503
17785,0.243142
17786,0.881076
17789,0.350188
17802,0.28194
17810,0.708796
17819,0.856664
17825,0.307189
17828,0.307986
17833,0.213371
17841,0.843306
17842,0.333107
17844,0.333147
17849,0.376603
17855,0.388781
17857,0.934933
17861,0.340587
17863,0.308065
17868,0.329179
17876,0.684973
17882,0.296345
17885,0.33263
17893,0.316712
17894,0.262074
17902,0.803127
17906,0.322906
17911,0.445489
17917,0.299511
17921,0.311693
17941,0.298598
17945,0.253102
17949,0.231695
17954,0.318789
17957,0.280297
17958,0.778173
17960,0.263838
17985,0.592755
18000,0.314625
18002,0.492253
18008,0.180568
18014,0.340366
18015,0.987414
18019,0.256238
18021,0.278184
18026,0.263379
18029,0.318452
18034,0.715127
18035,0.356119
18036,0.303715
18039,0.807036
18066,0.295904
18076,0.342893
18089,0.258775
18104,0.301727
18110,0.3883
18129,0.632656
18131,0.918594
18133,0.26615
18136,0.355189
18148,0.362573
18152,0.00997324
18167,0.878975
18177,0.238478
18178,0.303427
18183,0.282661
18194,0.481994
18197,0.629786
18213,0.432275
18214,0.360382
18221,0.153979
18227,0.114019
18239,0.79836
18245,0.235798
18266,0.218699
18267,0.568489
18274,0.215974
18283,0.502263
18297,0.23189
18302,0.451823
18303,0.754995
18315,0.507779
18324,0.34849
18326,0.767126
18334,0.250802
18336,0.351274
18344,0.284471
18346,0.361216
18347,0.235112
18350,0.341431
18352,0.380545
18364,0.469705
18366,0.413571
18373,0.270709
18391,0.245142
18393,0.270508
18395,0.694597
18400,0.666302
18408,0.340356
18421,0.443414
18425,0.583771
18443,0.218384
18451,0.294404
18456,0.309739
18458,0.779612
18460,0.251065
18467,0.386571
18468,0.344147
18475,0.513047
18485,0.248362
18494,0.733292
18495,0.927479
18508,0.655505
18530,0.33283
18533,0.335514
18547,0.240098
18548,0.276412
18553,0.233277
18561,0.338462
18565,0.763777
18572,0.283381
18593,0.329547
18600,0.268417
18621,0.619408
18629,0.796541
18637,0.348386
18649,0.352478
18653,0.638201
18660,0.237106
18671,0.219383
18672,0.138392
18677,0.246862
18681,0.950599
18684,0.927217
18686,0.244947
18689,0.321886
18690,0.429826
18709,0.411849
18716,0.770346
18723,0.363842
18773,0.388921
18782,0.484343
18797,0.784904
18810,0.437137
18817,0.640823
18820,0.81989
18825,0.261828
18837,0.528678
18850,0.638166
18857,0.401949
18861,0.675426
18867,0.320736
18870,0.205943
18877,0.654901
18887,0.491604
18898,0.173697
18900,0.479348
18914,0.628561
18921,0.542693
18922,0.821364
18945,0.370095
18947,0.567363
18953,0.272299
18954,0.237982
18957,0.301832
18960,0.627402
18973,0.151924
18983,0.398678
18990,0.166782
18991,0.159573
18993,0.345592
18995,0.294818
18996,0.303607
19003,0.300758
19014,0.39681
19015,0.405204
19019,0.641013
19028,0.299511
19038,0.679742
19040,0.40437
19046,0.293372
19051,0.259719
19054,0.968347
19056,0.388317
19074,0.4214
19085,0.618094
19099,0.911784
19124,0.169612
19134,0.305866
19141,0.0557676
19146,0.609114
19150,0.242904
19170,0.40027
19176,0.336399
19187,0.288537
19189,0.278582
19202,0.449413
19208,0.387156
19209,0.402543
19210,0.908931
19216,0.432394
19217,0.300334
19218,0.56308
19223,0.28809
19240,0.295741
19246,0.532715
19269,0.269165
19275,0.630593
19287,0.219715
19298,0.36409
19303,0.328354
19313,0.527189
19325,0.266843
19326,0.332221
19328,0.401712
19330,0.30745
19340,0.709707
19342,0.492547
19343,0.523555
19344,0.716365
19363,0.260356
19364,0.579414
19371,0.0726685
19376,0.299109
19377,0.32626
19381,0.374263
19384,0.514083
19390,0.532157
19402,0.259885
19405,0.287202
19409,0.229542
19418,0.911279
19429,0.679029
19446,0.581524
19458,0.677143
19460,0.880541
19462,0.695189
19465,0.328547
19472,0.518905
19480,0.322434
19503,0.67845
19507,0.510657
19517,0.387755
19533,0.371826
19537,0.223311
19541,0.413687
19563,0.23226
19566,0.737039
19568,0.556622
19576,0.358972
19591,0.32591
19597,0.638422
19619,0.620854
19622,0.802558
19623,0.347234
19624,0.323763
19627,0.308222
19629,0.159152
19633,0.281042
19639,0.128467
19641,0.230979
19643,0.266783
19649,0.435775
19652,0.77942
19657,0.294546
19660,0.775888
19668,0.979956
19678,0.30147
19686,0.697728
19690,0.225073
19694,0.455177
19695,0.267571
19702,0.742043
19712,0.519798
19720,0.816897
19735,0.628614
19739,0.363593
19740,0.724139
19743,0.328449
19750,0.458289
19752,0.639065
19754,0.281673
19762,0.56551
19770,0.362565
19775,0.469628
19777,0.380426
19782,0.36434
19783,0.765981
19786,0.324669
19805,0.328869
19808,0.3021
19819,0.819112
19821,0.296422
19827,0.645938
19830,0.683731
19832,0.686321
19833,0.460739
19834,0.587335
19843,0.609049
19844,0.451919
19846,0.474158
19847,0.482553
19850,0.91755
19851,0.349126
19861,0.58103
19873,0.500103
19878,0.415448
19886,0.396579
19892,0.626085
19901,0.25702
19902,0.611627
19920,0.93301
19921,0.359133
19922,0.353428
19929,0.86743
19932,0.523725
19935,0.347296
19936,0.659254
19946,0.801032
19950,0.466116
19952,0.607428
19955,0.459459
19976,0.414285
19983,0.562977
19987,0.213724
19991,0.591546
19996,0.738357
20007,0.764086
20015,0.452578
20019,0.306981
20023,0.396019
20034,0.339901
20036,0.369573
20038,0.418104
20039,0.401774
20040,0.89025
20045,0.643833
20046,0.652407
20048,0.393895
20060,0.503825
20068,0.153274
20074,0.896065
20111,0.277635
20117,0.271194
20125,0.330759
20129,0.661721
20134,0.348023
20135,0.279762
20139,0.388429
20142,0.38644
20147,0.649148
20154,0.818777
20157,0.243887
20169,0.0905242
20179,0.275864
20202,0.314639
20207,0.449969
20215,0.372077
20216,0.719234
20217,0.781606
20218,0.704945
20219,0.658867
20226,0.36551
20236,0.361981
20239,0.300754
20246,0.406212
20247,0.2491
20253,0.691767
20255,0.202177
20268,0.335186
20270,0.650865
20271,0.226011
20279,0.6119
20282,0.660778
20295,0.399859
20302,0.271536
20305,0.599303
20306,0.580132
20308,0.301974
20330,0.650858
20335,0.607773
20344,0.244896
20349,0.944415
20360,0.394008
20362,0.853604
20378,0.612731
20394,0.303843
20397,0.80231
20403,0.289634
20405,0.639075
20415,0.305602
20417,0.332629
20420,0.303865
20425,0.490529
20430,0.598235
20435,0.474886
20443,0.607685
20446,0.474305
20458,0.344765
20459,0.581571
20467,0.252257
20470,0.86549
20482,0.595646
20489,0.632637
20495,0.334068
20496,0.338909
20497,0.693281
20505,0.606012
20509,0.617968
20535,0.473388
20539,0.820923
20544,0.736854
20547,0.312987
20556,0.158179
20557,0.719037
20575,0.342641
20577,0.315852
20596,0.245191
20597,0.287616
20602,0.413189
20603,0.375934
20609,0.764902
20618,0.351494
20621,0.630524
20628,0.150837
20634,0.596387
20637,0.270444
20641,0.336091
20642,0.48652
20647,0.376868
20655,0.556674
20656,0.215662
20661,0.353722
20664,0.792759
20674,0.851718
20679,0.794063
20680,0.340767
20683,0.913254
20687,0.220321
20688,0.964534
20695,0.152782
20696,0.133982
20699,0.304345
20701,0.225164
20702,0.22456
20704,0.324679
20721,0.361109
20725,0.37913
20731,0.196369
20741,0.368026
20742,0.338362
20753,0.618332
20756,0.302867
20769,0.193255
20771,0.507006
20774,0.310694
20777,0.372543
20781,0.401467
20797,0.498919
20808,0.369574
20810,0.426414
20820,0.25672
20823,0.929911
20829,0.942626
20832,0.425034
20833,0.381222
20837,0.323083
20838,0.274213
20839,0.346568
20847,0.371953
20861,0.374887
20869,0.986294
20875,0.277451
20877,0.571365
20889,0.488217
20894,0.919423
20901,0.698271
20919,0.312076
20923,0.357226
20935,0.904807
20937,0.378178
20939,0.963152
20940,0.418979
20943,0.334176
20946,0.86591
20950,0.61532
20961,0.888072
20965,0.503768
20967,0.73634
20969,0.472429
20970,0.484895
20975,0.716073
20987,0.553828
20995,0.649238
20998,0.834056
21002,0.12514
21012,0.979982
21013,0.821151
21015,0.304915
21017,0.372609
21020,0.303874
21028,0.261096
21031,0.364087
21036,0.329742
21040,0.360297
21048,0.610094
21049,0.38271
21051,0.608154
21070,0.419548
21072,0.593391
21079,0.562672
21090,0.587046
21093,0.270355
21104,0.358497
21114,0.318357
21117,0.209133
21120,0.290434
21121,0.350187
21132,0.20691
21136,0.48599
21139,0.542967
21140,0.284048
21146,0.616698
21150,0.459755
21178,0.558679
21180,0.765063
21198,0.336897
21203,0.231597
21210,0.292902
21218,0.344889
21220,0.352285
21222,0.0636741
21228,0.426351
21236,0.516565
21239,0.17253
21260,0.44412
21267,0.197053
21271,0.364402
21279,0.0761816
21286,0.157864
21288,0.443891
21294,0.736791
21298,0.310247
21299,0.695287
21300,0.866656
21304,0.266764
21307,0.363867
21309,0.141082
21311,0.317977
21331,0.192545
21332,0.84186
21342,0.469303
21345,0.53277
21348,0.582031
21353,0.463618
21357,0.196762
21369,0.421171
21370,0.691128
21371,0.315001
21373,0.0133355
21385,0.634174
21392,0.518638
21401,0.660218
21403,0.294983
21406,0.332555
21413,0.436776
21414,0.586546
21416,0.565397
21423,0.755614
21442,0.479591
21443,0.16603
21448,0.434473
21459,0.527748
21467,0.26272
21474,0.508507
21484,0.714347
21488,0.746093
21495,0.229762
21498,0.310048
21502,0.253796
21503,0.449362
21510,0.489971
21516,0.797776
21533,0.801841
21535,0.298095
21539,0.230407
21541,0.318479
21544,0.516407
21554,0.897391
21569,0.150575
21572,0.209985
21578,0.118937
21580,0.111172
21584,0.0877701
21589,0.561226
21595,0.31808
21598,0.532554
21599,0.376433
21606,0.311372
21623,0.28879
21639,0.648806
21641,0.320539
21645,0.247963
21647,0.472345
21648,0.174945
21657,0.234583
21671,0.279655
21673,0.132327
21678,0.224919
21696,0.601846
21699,0.60433
21700,0.27948
21703,0.212641
21710,0.203119
21721,0.0843624
21727,0.359855
21728,0.872675
21731,0.331942
21741,0.255693
21744,0.890764
21748,0.359685
21753,0.240084
21756,0.306665
21763,0.393726
21767,0.276907
21772,0.815709
21774,0.335103
21775,0.619306
21780,0.522763
21787,0.418699
21805,0.471637
21828,0.318592
21831,0.240481
21837,0.301671
21842,0.279038
21849,0.3075
21856,0.39472
21858,0.156415
21862,0.123132
21864,0.23466
21867,0.249076
21879,0.279458
21881,0.281099
21883,0.253632
21891,0.472223
21892,0.35553
21902,0.137279
21909,0.213121
21914,0.180177
21918,0.256166
21919,0.38428
21926,0.310061
21930,0.59889
21934,0.655985
21940,0.294509
21945,0.204076
21948,0.757765
21953,0.296344
21954,0.179329
21956,0.413088
21963,0.487034
21970,0.368004
21984,0.225799
21997,0.237082
21999,0.13668
22001,0.286545
22002,0.125442
22010,0.630065
22013,0.260468
22022,0.265063
22024,0.219232
22028,0.305753
22029,0.715075
22045,0.31123
22049,0.284214
22064,0.544736
22069,0.363233
22074,0.344386
22082,0.411774
22084,0.241685
22090,0.600777
22096,0.556933
22100,0.301993
22105,0.220205
22119,0.384426
22130,0.437137
22152,0.660427
22155,0.172011
22164,0.206492
22173,0.211675
22194,0.371255
22209,0.273897
22217,0.072508
22220,0.279023
22222,0.73492
22244,0.106736
22245,0.192605
22250,0.392855
22256,0.787763
22261,0.638856
22264,0.191126
22270,0.19041
22279,0.698671
22280,0.150745
22284,0.0852994
22288,0.274587
22293,0.259305
22297,0.968883
22307,0.357351
22310,0.200776
22319,0.487592
22324,0.23108
22326,0.089054
22327,0.210832
22329,0.287228
22331,0.74553
22340,0.388832
22342,0.537352
22347,0.430484
22351,0.205858
22357,0.285011
22361,0.154063
22371,0.35035
22373,0.427372
22391,0.515848
22404,0.666757
22409,0.794882
22411,0.264721
22428,0.739859
22436,0.661502
22444,0.791515
22445,0.40703
22451,0.272186
22463,0.239498
22464,0.240629
22467,0.697618
22472,0.206371
22485,0.738152
22497,0.242507
22504,0.655345
22508,0.232424
22516,0.287155
22522,0.198897
22527,0.4789
22543,0.806898
22549,0.218326
22551,0.540803
22557,0.43405
22562,0.276701
22567,0.282107
22572,0.228237
22575,0.13731
22578,0.494659
22579,0.25825
22580,0.271073
22581,0.247943
22591,0.668533
22593,0.22535
22597,0.228292
22600,0.311307
22602,0.384002
22603,0.389709
22616,0.601913
22617,0.175659
22622,0.33133
22623,0.285915
22624,0.538658
22628,0.187825
22640,0.181564
22641,0.250538
22653,0.569856
22660,0.173349
22672,0.576234
22674,0.268137
22689,0.43277
22698,0.280744
22705,0.677497
22709,0.798804
22711,0.181041
22714,0.785488
22715,0.373533
22729,0.417204
22730,0.309494
22733,0.242297
22750,0.0305213
22754,0.49307
22756,0.274002
22758,0.290334
22767,0.56514
22768,0.405118
22769,0.354562
22776,0.188028
22778,0.237971
22780,0.651312
22789,0.587573
22797,0.576452
22799,0.750445
22814,0.169849
22818,0.252138
22821,0.418146
22823,0.432879
22841,0.207682
22847,0.515492
22848,0.343642
22862,0.21543
22875,0.850819
22877,0.810312
22887,0.158585
22892,0.185064
22899,0.744379
22901,0.603142
22907,0.358387
22909,0.394662
22926,0.364099
22927,0.433203
22930,0.351275
22934,0.362693
22937,0.333608
22939,0.758399
22949,0.325606
22951,0.402808
22955,0.28609
22965,0.836757
22966,0.68466
22968,0.962984
22972,0.330052
22975,0.364841
22981,0.345622
22988,0.284818
22994,0.410633
22996,0.781138
23011,0.758256
23028,0.368109
23031,0.347769
23035,0.300677
23038,0.325025
23042,0.450675
23049,0.891745
23051,0.988098
23053,0.349907
23057,0.791222
23058,0.273908
23063,0.412931
23064,0.429607
23067,0.328603
23071,0.361722
23075,0.388139
23077,0.721876
23090,0.350547
23094,0.393512
23097,0.361863
23103,0.26413
23107,0.753111
23117,0.360522
23122,0.314641
23124,0.275771
23126,0.233148
23129,0.766
23136,0.416913
23141,0.36882
23142,0.462878
23147,0.318544
23154,0.369416
23159,0.212968
23165,0.315844
23171,0.719631
23173,0.0126554
23175,0.374448
23179,0.947955
23182,0.803052
23185,0.357575
23188,0.347676
23189,0.369973
23209,0.253165
23214,0.27638
23215,0.348934
23233,0.415333
23241,0.457625
23252,0.320653
23255,0.315159
23263,0.34949
23281,0.289104
23282,0.244931
23289,0.405678
23292,0.422378
23296,0.333804
23297,0.270538
23301,0.28624
23302,0.351315
23304,0.254466
23309,0.340519
23312,0.357345
23316,0.346838
23321,0.320122
23342,0.271858
23344,0.21555
23350,0.191642
23367,0.696947
23368,0.304547
23374,0.409655
23387,0.254909
23389,0.702413
23399,0.829064
23403,0.914869
23406,0.977625
23414,0.214344
23415,0.158571
23419,0.633385
23436,0.301567
23439,0.861057
23444,0.358346
23445,0.326413
23455,0.219547
23469,0.265968
23472,0.186618
23477,0.34702
23478,0.638736
23479,0.286184
23487,0.372055
23490,0.379782
23491,0.813689
23492,0.265485
23494,0.32893
23496,0.284446
23497,0.225998
23506,0.187868
23515,0.408991
23528,0.25946
23532,0.288829
23549,0.717923
23551,0.258219
23552,0.220252
23555,0.304171
23556,0.33078
23564,0.624212
23583,0.321889
23592,0.251532
23597,0.922391
23601,0.325196
23605,0.644947
23615,0.28835
23619,0.330924
23621,0.975239
23626,0.593455
23635,0.350739
23637,0.35743
23640,0.3686
23646,0.228414
23655,0.298409
23672,0.815967
23673,0.347193
23682,0.216998
23683,0.323837
23699,0.356582
23704,0.651522
23707,0.96311
23713,0.309718
23714,0.232007
23716,0.188103
23718,0.682128
23721,0.139577
23735,0.310583
23737,0.373345
23744,0.237205
23749,0.71528
23755,0.378625
23769,0.618524
23772,0.229252
23773,0.0482465
23774,0.697796
23779,0.275214
23782,0.393399
23793,0.557871
23803,0.977667
23828,0.666363
23833,0.633318
23834,0.783765
23844,0.345123
23845,0.648718
23852,0.808775
23855,0.653544
23867,0.221093
23872,0.653878
23874,0.362076
23880,0.311516
23886,0.233673
23898,0.290202
23900,0.311143
23903,0.194616
23907,0.203943
23908,0.904486
23912,0.232599
23916,0.220941
23917,0.31162
23918,0.237729
23922,0.316103
23928,0.287943
23940,0.623798
23944,0.379592
23945,0.28335
23951,0.218864
23966,0.180441
23970,0.179637
23971,0.327779
23976,0.6137
23980,0.247923
23987,0.982818
23988,0.259944
23993,0.382043
23997,0.297352
23998,0.372791
23999,0.829724
24010,0.608328
24015,0.684005
24023,0.357264
24033,0.250244
24046,0.686464
24060,0.309821
24062,0.280194
24065,0.713032
24070,0.202158
24071,0.148869
24073,0.203288
24079,0.388069
24082,0.970214
24084,0.388874
24089,0.435265
24094,0.296269
24100,0.384474
24105,0.284302
24106,0.198974
24108,0.629567
24111,0.973885
24120,0.335214
24125,0.522757
24134,0.645861
24140,0.320008
24151,0.272606
24153,0.339331
24154,0.365636
24161,0.505085
24166,0.455139
24170,0.567868
24176,0.23167
24182,0.77328
24188,0.318863
24190,0.343708
24201,0.972147
24211,0.89293
24215,0.650821
24216,0.960724
24219,0.266999
24222,0.689294
24240,0.977622
24243,0.341477
24245,0.411174
24251,0.139801
24256,0.980694
24258,0.231729
24261,0.387373
24263,0.312845
24264,0.385964
24266,0.291048
24273,0.356631
24278,0.26059
24289,0.98198
24292,0.376371
24293,0.358835
24298,0.981821
24299,0.326997
24303,0.728297
24304,0.417689
24305,0.420746
24329,0.356429
24341,0.320125
24345,0.762907
24353,0.295682
24358,0.952435
24364,0.802182
24367,0.426853
24370,0.750218
24377,0.341738
24380,0.287869
24381,0.273788
24387,0.446066
24391,0.295615
24409,0.981525
24413,0.338001
24416,0.420111
24427,0.529983
24439,0.290034
24443,0.515649
24448,0.377575
24454,0.613445
24455,0.21581
24461,0.247302
24464,0.399814
24468,0.145663
24469,0.249722
24501,0.268948
24508,0.314216
24519,0.339337
24520,0.961266
24538,0.520022
24540,0.739726
24550,0.189643
24552,0.175838
24561,0.269249
24577,0.839101
24579,0.590105
24580,0.67321
24582,0.27651
24591,0.795807
24592,0.392789
24599,0.777562
24602,0.301734
24606,0.485377
24617,0.272081
24619,0.891897
24630,0.193873
24633,0.94683
24634,0.634335
24638,0.56758
24641,0.489623
24644,0.522292
24645,0.875271
24656,0.272284
24661,0.162211
24663,0.647299
24667,0.212645
24669,0.550527
24682,0.348697
24698,0.514367
24699,0.911294
24702,0.596405
24703,0.602746
24717,0.347753
24724,0.982598
24731,0.323088
24737,0.262215
24740,0.398238
24743,0.241331
24744,0.975591
24755,0.388525
24757,0.370066
24765,0.330884
24766,0.259285
24776,0.770581
24787,0.982962
24789,0.384867
24791,0.268892
24792,0.379247
24804,0.0212664
24812,0.655539
24816,0.568634
24817,0.359719
24820,0.824894
24828,0.451663
24832,0.280411
24836,0.396721
24842,0.784654
24846,0.292915
24847,0.322268
24848,0.96094
24851,0.75635
24855,0.739494
24856,0.315638
24871,0.441788
24874,0.27374
24877,0.38638
24889,0.378073
24897,0.392288
24899,0.770593
24908,0.427882
24913,0.794787
24923,0.328106
24933,0.286839
24971,0.289591
24973,0.977858
24993,0.52074
24998,0.482687
25000,0.967519
25001,0.968829
25002,0.270642
25003,0.972036
25009,0.354694
25024,0.107803
25026,0.180137
25027,0.949526
25034,0.310858
25050,0.426862
25057,0.529915
25067,0.779458
25075,0.536523
25081,0.466184
25085,0.45514
25093,0.46279
25097,0.321738
25103,0.476731
25104,0.50657
25109,0.321675
25112,0.847138
25113,0.41492
25114,0.405467
25119,0.272956
25121,0.329935
25122,0.91943
25124,0.723704
25131,0.315539
25134,0.859354
25144,0.319362
25147,0.743137
25148,0.380176
25149,0.369177
25155,0.455912
25169,0.82083
25177,0.726787
25178,0.332071
25179,0.376921
25180,0.719946
25191,0.729963
25199,0.308578
25232,0.335016
25241,0.404087
25242,0.833537
25243,0.270288
25246,0.229134
25259,0.756855
25265,0.713769
25278,0.773038
25280,0.298685
25284,0.353141
25286,0.74091
25288,0.301604
25318,0.981092
25330,0.669061
25333,0.390361
25339,0.341069
25340,0.75397
25346,0.40695
25349,0.808209
25351,0.39558
25361,0.579043
25366,0.451551
25368,0.974976
25369,0.403084
25370,0.467169
25375,0.0357186
25376,0.77253
25377,0.449502
25379,0.377945
25382,0.56816
25386,0.499954
25389,0.537217
25399,0.400161
25400,0.979275
25401,0.646249
25407,0.227495
25409,0.194658
25412,0.292813
25416,0.260661
25418,0.411807
25423,0.375812
25436,0.3984
25439,0.398564
25442,0.39195
25445,0.952418
25446,0.375149
25453,0.295255
25456,0.359337
25458,0.422393
25460,0.442329
25461,0.30618
25468,0.924245
25470,0.442951
25471,0.363659
25482,0.41701
25501,0.88863
25504,0.701936
25515,0.268575
25518,0.387262
25528,0.371281
25533,0.30611
25543,0.258889
25548,0.265051
25564,0.272355
25572,0.717352
25576,0.437217
25577,0.489264
25587,0.34224
25591,0.318098
25596,0.252197
25598,0.272855
25617,0.368445
25618,0.892545
25620,0.337742
25623,0.393606
25626,0.271996
25628,0.333398
25633,0.387119
25637,0.377315
25644,0.350254
25662,0.306759
25663,0.464495
25673,0.674235
25678,0.364869
25685,0.283068
25691,0.343364
25706,0.414062
25707,0.320052
25723,0.415165
25725,0.382739
25735,0.662929
25740,0.266334
25759,0.388523
25761,0.742869
25769,0.233132
25774,0.291024
25779,0.685138
25781,0.316621
25784,0.957767
25790,0.874904
25796,0.322257
25816,0.180488
25847,0.377436
25850,0.36736
25852,0.866892
25856,0.461597
25866,0.435254
25867,0.598704
25868,0.353551
25869,0.483288
25877,0.837264
25878,0.175539
25890,0.426622
25898,0.895755
25899,0.296565
25906,0.977434
25907,0.693172
25915,0.970745
25932,0.693234
25939,0.365355
25946,0.721738
25951,0.617536
25959,0.29852
25961,0.240552
25964,0.224849
25969,0.204234
25980,0.34382
25986,0.295989
25992,0.241142
25998,0.291857
26000,0.467462
26006,0.305697
26009,0.304074
26016,0.640345
26023,0.981195
26038,0.469452
26041,0.235423
26050,0.242576
26051,0.974765
26057,0.1891
26060,0.152729
26062,0.457331
26067,0.983163
26068,0.295482
26072,0.40785
26074,0.828711
26075,0.379466
26081,0.770749
26108,0.756258
26112,0.983889
26113,0.250631
26115,0.578823
26122,0.382479
26139,0.311546
26162,0.455166
26165,0.307657
26173,0.348445
26177,0.361223
26179,0.486901
26184,0.211692
26190,0.451312
26204,0.269841
26205,0.0253287
26212,0.824512
26215,0.343177
26227,0.826273
26232,0.666568
26237,0.416735
26246,0.533121
26248,0.674416
26249,0.338332
26260,0.300172
26263,0.281731
26267,0.887817
26269,0.396678
26271,0.720716
26273,0.68354
26286,0.341685
26297,0.246483
26309,0.284236
26313,0.318506
26319,0.438878
26329,0.307672
26330,0.678553
26333,0.376124
26361,0.915813
26366,0.610212
26376,0.982304
26378,0.59808
26382,0.333972
26389,0.395842
26391,0.28258
26401,0.659192
26415,0.260511
26419,0.672344
26421,0.973105
26422,0.33282
26423,0.714334
26424,0.471238
26441,0.711034
26442,0.391387
26446,0.80776
26447,0.27719
26448,0.323092
26451,0.400508
26459,0.345882
26465,0.296255
26476,0.280036
26481,0.516597
26487,0.910555
26501,0.334758
26513,0.835333
26517,0.31086
26527,0.925596
26534,0.769973
26535,0.975947
26545,0.331538
26550,0.293217
26558,0.243174
26571,0.746226
26573,0.307758
26575,0.381045
26578,0.273157
26583,0.890118
26590,0.298174
26593,0.745689
26602,0.185392
26606,0.823054
26613,0.640277
26615,0.233693
26618,0.401294
26628,0.950013
26630,0.829957
26635,0.368013
26645,0.379043
26648,0.212162
26651,0.36221
26660,0.249775
26663,0.606589
26664,0.66869
26665,0.812474
26673,0.661494
26675,0.313532
26676,0.337217
26677,0.330591
26679,0.37439
26687,0.502015
26689,0.538463
26697,0.312181
26737,0.738752
26747,0.976375
26748,0.374059
26749,0.294895
26754,0.910329
26759,0.391008
26760,0.73136
26765,0.306907
26769,0.282801
26771,0.348848
26776,0.393394
26778,0.274267
26780,0.410102
26783,0.176182
26785,0.329789
26800,0.335136
26804,0.157803
26812,0.263631
26816,0.190098
26823,0.770181
26834,0.301777
26836,0.824917
26841,0.841285
26845,0.411483
26849,0.35163
26854,0.681605
26858,0.394719
26860,0.174326
26866,0.332356
26871,0.205996
26873,0.168482
26905,0.33122
26907,0.352288
26920,0.663062
26924,0.120366
26930,0.288678
26942,0.682215
26944,0.390082
26949,0.86957
26952,0.973207
26956,0.397289
26973,0.272993
26977,0.347476
26993,0.671516
26997,0.289171
26999,0.599368
27021,0.386491
27023,0.395292
27025,0.0141312
27027,0.427456
27032,0.62711
27034,0.323028
27036,0.532887
27045,0.314452
27050,0.254537
27051,0.896687
27055,0.459783
27056,0.376468
27060,0.427339
27061,0.748577
27066,0.66843
27070,0.318038
27073,0.18021
27077,0.680698
27085,0.295403
27086,0.325389
27099,0.401323
27105,0.398075
27109,0.417022
27125,0.36586
27135,0.378749
27139,0.660788
27140,0.933492
27141,0.391977
27142,0.31032
27144,0.275703
27148,0.335457
27154,0.413126
27162,0.74304
27175,0.526801
27176,0.382483
27178,0.691096
27197,0.417301
27204,0.323429
27205,0.383343
27206,0.130995
27207,0.380171
27216,0.348765
27230,0.30916
27234,0.274615
27241,0.419151
27249,0.977244
27251,0.267662
27252,0.793614
27256,0.790869
27257,0.628721
27263,0.270607
27268,0.333259
27269,0.340589
27276,0.318584
27279,0.58735
27288,0.645856
27295,0.221589
27299,0.319725
27302,0.345968
27304,0.386844
27316,0.791486
27318,0.288466
27330,0.323146
27333,0.663449
27335,0.386896
27339,0.315331
27341,0.631553
27342,0.342078
27345,0.489475
27347,0.440059
27354,0.47213
27361,0.222617
27375,0.687061
27387,0.569511
27390,0.660319
27392,0.930704
27399,0.269374
27403,0.298927
27410,0.457744
27423,0.260371
27429,0.234734
27432,0.390009
27436,0.372744
27437,0.65778
27441,0.646911
27444,0.603301
27445,0.304351
27448,0.686779
27454,0.392729
27459,0.268127
27465,0.349306
27478,0.973198
27479,0.393595
27481,0.616594
27483,0.620533
27486,0.235849
27498,0.384523
27505,0.353689
27507,0.373767
27509,0.310904
27514,0.307576
27527,0.774158
27535,0.220771
27544,0.24777
27545,0.394234
27556,0.266527
27563,0.35904
27569,0.379989
27585,0.613184
27589,0.340638
27605,0.404442
27608,0.760527
27609,0.365331
27611,0.245434
27621,0.519429
27626,0.729704
27629,0.349728
27645,0.767654
27651,0.29959
27654,0.414516
27656,0.676554
27663,0.663658
27673,0.29031
27677,0.268989
27678,0.251867
27680,0.282527
27681,0.399061
27684,0.293067
27688,0.309168
27706,0.381786
27709,0.323968
27720,0.310671
27722,0.308401
27733,0.81172
27734,0.61831
27739,0.336999
27746,0.358422
27751,0.844155
27755,0.222612
27777,0.619514
27783,0.290071
27795,0.460536
27805,0.466538
27811,0.290504
27815,0.336065
27823,0.35908
27856,0.316747
27873,0.341146
27883,0.386674
27885,0.685945
27887,0.907707
27899,0.394368
27921,0.383471
27924,0.368589
27927,0.376442
27929,0.39395
27932,0.37115
27943,0.496963
27945,0.446069
27952,0.437036
27957,0.861006
27960,0.497441
27966,0.39337
27968,0.821457
27980,0.773397
27984,0.309518
27994,0.372953
27995,0.324838
28002,0.781949
28004,0.659959
28006,0.290998
28028,0.731612
28042,0.637274
28043,0.243719
28055,0.499363
28061,0.194884
28063,0.49218
28077,0.289697
28090,0.742991
28093,0.467191
28095,0.480488
28096,0.785401
28098,0.93461
28099,0.329984
28111,0.341136
28115,0.525282
28123,0.33657
28125,0.496132
28126,0.744409
28129,0.783578
28131,0.419684
28139,0.37062
28146,0.362052
28153,0.915337
28155,0.360366
28160,0.597066
28166,0.294904
28167,0.681567
28176,0.675995
28185,0.38434
28187,0.715385
28195,0.775197
28203,0.179377
28206,0.412242
28209,0.316729
28210,0.280975
28211,0.317592
28216,0.358438
28234,0.434088
28235,0.770199
28248,0.354141
28255,0.27225
28266,0.32617
28277,0.394931
28286,0.366892
28288,0.38146
28289,0.557299
28290,0.314279
28296,0.381741
28300,0.869495
28306,0.265979
28307,0.323134
28309,0.36658
28327,0.37797
28336,0.355439
28345,0.370731
28355,0.314661
28361,0.190949
28362,0.3686
28374,0.285196
28380,0.699075
28381,0.315363
28393,0.351518
28394,0.314127
28405,0.404191
28413,0.29653
28426,0.674953
28428,0.924964
28429,0.756321
28442,0.359132
28445,0.268061
28457,0.970741
28459,0.552985
28462,0.37232
28478,0.149245
28490,0.372176
28492,0.284239
28499,0.126556
28500,0.511314
28506,0.752007
28509,0.365991
28513,0.419568
28516,0.332446
28519,0.977053
28526,0.243036
28527,0.292841
28528,0.842724
28533,0.329059
28547,0.147181
28551,0.173809
28563,0.480505
28566,0.584569
28568,0.544902
28580,0.437483
28589,0.287868
28590,0.769686
28606,0.385916
28613,0.380677
28615,0.343319
28619,0.354211
28629,0.607379
28633,0.403861
28635,0.752322
28646,0.337993
28648,0.678307
28651,0.351592
28660,0.724609
28681,0.452052
28693,0.580235
28696,0.393554
28703,0.323888
28709,0.367331
28712,0.699435
28718,0.288712
28719,0.666645
28727,0.316818
28730,0.697657
28732,0.692853
28740,0.337772
28747,0.310701
28752,0.655868
28757,0.475117
28764,0.419788
28765,0.856865
28770,0.734485
28772,0.867447
28783,0.442461
28786,0.32319
28796,0.412226
28799,0.823222
28806,0.77325
28807,0.403364
28815,0.348576
28818,0.343314
28823,0.39267
28824,0.505945
28831,0.930648
28834,0.494477
28841,0.324536
28848,0.727284
28882,0.603543
28884,0.36275
28904,0.351127
28907,0.31968
28919,0.247791
28920,0.651378
28928,0.305065
28935,0.060131
28936,0.232824
28945,0.376821
28950,0.699704
28957,0.68606
28963,0.243394
28974,0.443648
28980,0.409258
28988,0.602641
28999,0.351863
29001,0.577224
29004,0.304804
29006,0.344107
29012,0.427684
29018,0.480901
29027,0.346009
29030,0.253077
29032,0.281928
29039,0.297159
29043,0.254216
29056,0.652551
29064,0.783019
29068,0.191549
29069,0.186682
29074,0.215247
29076,0.274948
29085,0.309441
29088,0.73277
29091,0.394361
29092,0.559744
29093,0.299647
29094,0.493752
29108,0.722266
29114,0.306135
29115,0.308073
29118,0.266296
29125,0.35693
29127,0.798143
29150,0.195805
29152,0.11196
29155,0.783601
29165,0.280578
29167,0.366798
29174,0.360682
29180,0.400974
29185,0.346473
29190,0.292951
29192,0.978358
29194,0.385069
29220,0.36951
29231,0.501639
29237,0.593511
29240,0.451553
29247,0.314442
29256,0.320371
29275,0.574807
29278,0.555852
29280,0.652612
29286,0.401682
29288,0.804119
29305,0.74182
29327,0.523438
29329,0.948622
29333,0.438347
29335,0.345709
29342,0.985386
29344,0.505018
29353,0.302229
29358,0.453327
29373,0.251735
29392,0.325306
29393,0.655499
29395,0.940135
29403,0.853742
29405,0.576619
29410,0.312729
29423,0.339596
29427,0.774298
29429,0.252352
29432,0.333781
29440,0.600783
29447,0.345316
29448,0.262242
29452,0.614245
29455,0.227089
29461,0.246448
29466,0.301701
29474,0.286002
29476,0.329808
29486,0.572545
29494,0.305479
29497,0.492948
29505,0.324028
29511,0.694293
29516,0.675116
29522,0.374528
29523,0.262493
29524,0.236946
29529,0.226495
29533,0.377866
29535,0.328097
29548,0.350232
29551,0.402485
29563,0.354682
29574,0.361869
29575,0.445533
29592,0.301469
29599,0.499618
29608,0.326066
29613,0.319981
29620,0.319377
29630,0.813247
29637,0.338203
29638,0.469423
29643,0.313237
29648,0.390328
29657,0.305876
29659,0.35036
29662,0.334402
29665,0.294751
29699,0.818946
29706,0.601959
29715,0.426217
29716,0.213327
29717,0.171433
29721,0.45077
29731,0.402599
29735,0.235772
29739,0.40186
29742,0.552715
29747,0.978924
29749,0.692436
29754,0.979266
29773,0.274909
29777,0.619891
29779,0.254129
29783,0.206414
29786,0.368199
29805,0.752109
29811,0.353187
29812,0.41959
29815,0.528868
29819,0.166223
29833,0.233272
29847,0.402856
29854,0.734406
29856,0.294884
29859,0.254553
29864,0.381274
29865,0.361184
29867,0.29447
29885,0.458623
29894,0.446701
29900,0.239583
29910,0.529969
29928,0.360868
29942,0.326978
29951,0.484822
29953,0.431167
29962,0.314331
29968,0.235386
29974,0.91091
29980,0.835208
29987,0.150113
29993,0.698638
30001,0.717402
30005,0.592517
30015,0.341682
30034,0.205867
30041,0.301647
30044,0.340019
30058,0.138311
30061,0.340572
30064,0.32668
30065,0.389644
30069,0.310911
30074,0.269283
30076,0.198195
30080,0.184442
30086,0.882123
30087,0.24382
30092,0.190211
30093,0.629298
30096,0.328152
30097,0.641814
30098,0.233648
30102,0.648265
30106,0.303414
30110,0.735388
30111,0.973057
30122,0.331162
30128,0.503471
30130,0.690047
30131,0.341087
30132,0.429084
30135,0.372524
30137,0.775498
30157,0.670008
30158,0.807466
30162,0.296345
30170,0.72332
30174,0.267044
30195,0.573967
30196,0.35921
30204,0.309326
30207,0.886281
30209,0.728842
30212,0.381826
30221,0.335011
30225,0.669091
30229,0.410966
30231,0.303562
30233,0.334581
30237,0.493081
30239,0.615164
30242,0.508253
30244,0.320867
30249,0.31149
30262,0.28025
30286,0.191494
30292,0.338373
30303,0.302315
30320,0.183409
30322,0.446918
30355,0.39691
30356,0.413363
30372,0.518523
30375,0.349252
30379,0.527726
30384,0.400973
30386,0.345023
30394,0.500884
30395,0.345822
30396,0.43311
30397,0.271728
30402,0.592824
30413,0.369508
30416,0.402188
30420,0.262993
30422,0.853312
30432,0.326189
30434,0.419201
30438,0.370991
30444,0.222717
30446,0.323024
30455,0.31595
30457,0.429572
30459,0.316924
30463,0.399653
30468,0.426316
30477,0.292048
30478,0.332128
30481,0.351565
30482,0.288186
30487,0.330747
30491,0.447098
30496,0.740513
30501,0.355315
30506,0.217747
30511,0.409298
30513,0.333049
30516,0.261889
30520,0.271544
30531,0.35732
30542,0.825156
30555,0.359751
30557,0.393586
30568,0.440666
30570,0.947066
30584,0.292875
30594,0.746062
30614,0.337966
30617,0.410103
30618,0.79516
30631,0.497257
30632,0.468277
30634,0.782155
30636,0.410072
30637,0.369513
30639,0.417431
30647,0.368934
30649,0.460381
30656,0.288553
30660,0.316762
30665,0.217542
30669,0.340513
30681,0.312531
30683,0.780987
30687,0.817453
30694,0.368136
